<?xml version="1.0" ?>
<net batch="1" name="0003_EmoNet_ResNet10" precision="FP32" version="7">
	<layers>
		<layer id="0" name="data" type="Input">
			<output>
				<port id="0" precision="FP32">
					<dim>1</dim>
					<dim>3</dim>
					<dim>64</dim>
					<dim>64</dim>
				</port>
			</output>
		</layer>
		<layer id="1" name="Mul1_1682/Fused_Mul_/FusedScaleShift_" type="ScaleShift">
			<input>
				<port id="0">
					<dim>1</dim>
					<dim>3</dim>
					<dim>64</dim>
					<dim>64</dim>
				</port>
			</input>
			<output>
				<port id="3" precision="FP32">
					<dim>1</dim>
					<dim>3</dim>
					<dim>64</dim>
					<dim>64</dim>
				</port>
			</output>
			<blobs>
				<weights offset="0" precision="FP32" size="12"/>
				<biases offset="12" precision="FP32" size="12"/>
			</blobs>
		</layer>
		<layer id="2" name="Convolution1" type="Convolution">
			<data dilations="1,1" group="1" kernel="7,7" output="64" pads_begin="3,3" pads_end="3,3" strides="2,2"/>
			<input>
				<port id="0">
					<dim>1</dim>
					<dim>3</dim>
					<dim>64</dim>
					<dim>64</dim>
				</port>
			</input>
			<output>
				<port id="3" precision="FP32">
					<dim>1</dim>
					<dim>64</dim>
					<dim>32</dim>
					<dim>32</dim>
				</port>
			</output>
			<blobs>
				<weights offset="24" precision="FP32" size="37632"/>
				<biases offset="37656" precision="FP32" size="256"/>
			</blobs>
		</layer>
		<layer id="3" name="ReLU1" type="ReLU">
			<input>
				<port id="0">
					<dim>1</dim>
					<dim>64</dim>
					<dim>32</dim>
					<dim>32</dim>
				</port>
			</input>
			<output>
				<port id="1" precision="FP32">
					<dim>1</dim>
					<dim>64</dim>
					<dim>32</dim>
					<dim>32</dim>
				</port>
			</output>
		</layer>
		<layer id="4" name="Pooling1" type="Pooling">
			<data exclude-pad="true" kernel="3,3" pads_begin="0,0" pads_end="0,0" pool-method="max" rounding_type="ceil" strides="2,2"/>
			<input>
				<port id="0">
					<dim>1</dim>
					<dim>64</dim>
					<dim>32</dim>
					<dim>32</dim>
				</port>
			</input>
			<output>
				<port id="1" precision="FP32">
					<dim>1</dim>
					<dim>64</dim>
					<dim>16</dim>
					<dim>16</dim>
				</port>
			</output>
		</layer>
		<layer id="5" name="Convolution2" type="Convolution">
			<data dilations="1,1" group="1" kernel="3,3" output="64" pads_begin="1,1" pads_end="1,1" strides="1,1"/>
			<input>
				<port id="0">
					<dim>1</dim>
					<dim>64</dim>
					<dim>16</dim>
					<dim>16</dim>
				</port>
			</input>
			<output>
				<port id="3" precision="FP32">
					<dim>1</dim>
					<dim>64</dim>
					<dim>16</dim>
					<dim>16</dim>
				</port>
			</output>
			<blobs>
				<weights offset="37912" precision="FP32" size="147456"/>
				<biases offset="185368" precision="FP32" size="256"/>
			</blobs>
		</layer>
		<layer id="6" name="ReLU2" type="ReLU">
			<input>
				<port id="0">
					<dim>1</dim>
					<dim>64</dim>
					<dim>16</dim>
					<dim>16</dim>
				</port>
			</input>
			<output>
				<port id="1" precision="FP32">
					<dim>1</dim>
					<dim>64</dim>
					<dim>16</dim>
					<dim>16</dim>
				</port>
			</output>
		</layer>
		<layer id="7" name="Convolution3" type="Convolution">
			<data dilations="1,1" group="1" kernel="3,3" output="64" pads_begin="1,1" pads_end="1,1" strides="1,1"/>
			<input>
				<port id="0">
					<dim>1</dim>
					<dim>64</dim>
					<dim>16</dim>
					<dim>16</dim>
				</port>
			</input>
			<output>
				<port id="2" precision="FP32">
					<dim>1</dim>
					<dim>64</dim>
					<dim>16</dim>
					<dim>16</dim>
				</port>
			</output>
			<blobs>
				<weights offset="185624" precision="FP32" size="147456"/>
			</blobs>
		</layer>
		<layer id="8" name="Eltwise1" type="Eltwise">
			<data operation="sum"/>
			<input>
				<port id="0">
					<dim>1</dim>
					<dim>64</dim>
					<dim>16</dim>
					<dim>16</dim>
				</port>
				<port id="1">
					<dim>1</dim>
					<dim>64</dim>
					<dim>16</dim>
					<dim>16</dim>
				</port>
			</input>
			<output>
				<port id="2" precision="FP32">
					<dim>1</dim>
					<dim>64</dim>
					<dim>16</dim>
					<dim>16</dim>
				</port>
			</output>
		</layer>
		<layer id="9" name="Mul1_/Fused_Mul_/FusedScaleShift_" type="ScaleShift">
			<input>
				<port id="0">
					<dim>1</dim>
					<dim>64</dim>
					<dim>16</dim>
					<dim>16</dim>
				</port>
			</input>
			<output>
				<port id="3" precision="FP32">
					<dim>1</dim>
					<dim>64</dim>
					<dim>16</dim>
					<dim>16</dim>
				</port>
			</output>
			<blobs>
				<weights offset="333080" precision="FP32" size="256"/>
				<biases offset="333336" precision="FP32" size="256"/>
			</blobs>
		</layer>
		<layer id="10" name="ReLU3" type="ReLU">
			<input>
				<port id="0">
					<dim>1</dim>
					<dim>64</dim>
					<dim>16</dim>
					<dim>16</dim>
				</port>
			</input>
			<output>
				<port id="1" precision="FP32">
					<dim>1</dim>
					<dim>64</dim>
					<dim>16</dim>
					<dim>16</dim>
				</port>
			</output>
		</layer>
		<layer id="11" name="Convolution4" type="Convolution">
			<data dilations="1,1" group="1" kernel="3,3" output="128" pads_begin="1,1" pads_end="1,1" strides="2,2"/>
			<input>
				<port id="0">
					<dim>1</dim>
					<dim>64</dim>
					<dim>16</dim>
					<dim>16</dim>
				</port>
			</input>
			<output>
				<port id="3" precision="FP32">
					<dim>1</dim>
					<dim>128</dim>
					<dim>8</dim>
					<dim>8</dim>
				</port>
			</output>
			<blobs>
				<weights offset="333592" precision="FP32" size="294912"/>
				<biases offset="628504" precision="FP32" size="512"/>
			</blobs>
		</layer>
		<layer id="12" name="ReLU4" type="ReLU">
			<input>
				<port id="0">
					<dim>1</dim>
					<dim>128</dim>
					<dim>8</dim>
					<dim>8</dim>
				</port>
			</input>
			<output>
				<port id="1" precision="FP32">
					<dim>1</dim>
					<dim>128</dim>
					<dim>8</dim>
					<dim>8</dim>
				</port>
			</output>
		</layer>
		<layer id="13" name="Convolution5" type="Convolution">
			<data dilations="1,1" group="1" kernel="3,3" output="128" pads_begin="1,1" pads_end="1,1" strides="1,1"/>
			<input>
				<port id="0">
					<dim>1</dim>
					<dim>128</dim>
					<dim>8</dim>
					<dim>8</dim>
				</port>
			</input>
			<output>
				<port id="2" precision="FP32">
					<dim>1</dim>
					<dim>128</dim>
					<dim>8</dim>
					<dim>8</dim>
				</port>
			</output>
			<blobs>
				<weights offset="629016" precision="FP32" size="589824"/>
			</blobs>
		</layer>
		<layer id="14" name="Convolution6" type="Convolution">
			<data dilations="1,1" group="1" kernel="1,1" output="128" pads_begin="0,0" pads_end="0,0" strides="2,2"/>
			<input>
				<port id="0">
					<dim>1</dim>
					<dim>64</dim>
					<dim>16</dim>
					<dim>16</dim>
				</port>
			</input>
			<output>
				<port id="2" precision="FP32">
					<dim>1</dim>
					<dim>128</dim>
					<dim>8</dim>
					<dim>8</dim>
				</port>
			</output>
			<blobs>
				<weights offset="1218840" precision="FP32" size="32768"/>
			</blobs>
		</layer>
		<layer id="15" name="Eltwise2" type="Eltwise">
			<data operation="sum"/>
			<input>
				<port id="0">
					<dim>1</dim>
					<dim>128</dim>
					<dim>8</dim>
					<dim>8</dim>
				</port>
				<port id="1">
					<dim>1</dim>
					<dim>128</dim>
					<dim>8</dim>
					<dim>8</dim>
				</port>
			</input>
			<output>
				<port id="2" precision="FP32">
					<dim>1</dim>
					<dim>128</dim>
					<dim>8</dim>
					<dim>8</dim>
				</port>
			</output>
		</layer>
		<layer id="16" name="Mul1_1646/Fused_Mul_/FusedScaleShift_" type="ScaleShift">
			<input>
				<port id="0">
					<dim>1</dim>
					<dim>128</dim>
					<dim>8</dim>
					<dim>8</dim>
				</port>
			</input>
			<output>
				<port id="3" precision="FP32">
					<dim>1</dim>
					<dim>128</dim>
					<dim>8</dim>
					<dim>8</dim>
				</port>
			</output>
			<blobs>
				<weights offset="1251608" precision="FP32" size="512"/>
				<biases offset="1252120" precision="FP32" size="512"/>
			</blobs>
		</layer>
		<layer id="17" name="ReLU5" type="ReLU">
			<input>
				<port id="0">
					<dim>1</dim>
					<dim>128</dim>
					<dim>8</dim>
					<dim>8</dim>
				</port>
			</input>
			<output>
				<port id="1" precision="FP32">
					<dim>1</dim>
					<dim>128</dim>
					<dim>8</dim>
					<dim>8</dim>
				</port>
			</output>
		</layer>
		<layer id="18" name="Convolution7" type="Convolution">
			<data dilations="1,1" group="1" kernel="3,3" output="256" pads_begin="1,1" pads_end="1,1" strides="2,2"/>
			<input>
				<port id="0">
					<dim>1</dim>
					<dim>128</dim>
					<dim>8</dim>
					<dim>8</dim>
				</port>
			</input>
			<output>
				<port id="3" precision="FP32">
					<dim>1</dim>
					<dim>256</dim>
					<dim>4</dim>
					<dim>4</dim>
				</port>
			</output>
			<blobs>
				<weights offset="1252632" precision="FP32" size="1179648"/>
				<biases offset="2432280" precision="FP32" size="1024"/>
			</blobs>
		</layer>
		<layer id="19" name="ReLU6" type="ReLU">
			<input>
				<port id="0">
					<dim>1</dim>
					<dim>256</dim>
					<dim>4</dim>
					<dim>4</dim>
				</port>
			</input>
			<output>
				<port id="1" precision="FP32">
					<dim>1</dim>
					<dim>256</dim>
					<dim>4</dim>
					<dim>4</dim>
				</port>
			</output>
		</layer>
		<layer id="20" name="Convolution8" type="Convolution">
			<data dilations="1,1" group="1" kernel="3,3" output="256" pads_begin="1,1" pads_end="1,1" strides="1,1"/>
			<input>
				<port id="0">
					<dim>1</dim>
					<dim>256</dim>
					<dim>4</dim>
					<dim>4</dim>
				</port>
			</input>
			<output>
				<port id="2" precision="FP32">
					<dim>1</dim>
					<dim>256</dim>
					<dim>4</dim>
					<dim>4</dim>
				</port>
			</output>
			<blobs>
				<weights offset="2433304" precision="FP32" size="2359296"/>
			</blobs>
		</layer>
		<layer id="21" name="Convolution9" type="Convolution">
			<data dilations="1,1" group="1" kernel="1,1" output="256" pads_begin="0,0" pads_end="0,0" strides="2,2"/>
			<input>
				<port id="0">
					<dim>1</dim>
					<dim>128</dim>
					<dim>8</dim>
					<dim>8</dim>
				</port>
			</input>
			<output>
				<port id="2" precision="FP32">
					<dim>1</dim>
					<dim>256</dim>
					<dim>4</dim>
					<dim>4</dim>
				</port>
			</output>
			<blobs>
				<weights offset="4792600" precision="FP32" size="131072"/>
			</blobs>
		</layer>
		<layer id="22" name="Eltwise3" type="Eltwise">
			<data operation="sum"/>
			<input>
				<port id="0">
					<dim>1</dim>
					<dim>256</dim>
					<dim>4</dim>
					<dim>4</dim>
				</port>
				<port id="1">
					<dim>1</dim>
					<dim>256</dim>
					<dim>4</dim>
					<dim>4</dim>
				</port>
			</input>
			<output>
				<port id="2" precision="FP32">
					<dim>1</dim>
					<dim>256</dim>
					<dim>4</dim>
					<dim>4</dim>
				</port>
			</output>
		</layer>
		<layer id="23" name="Mul1_1658/Fused_Mul_/FusedScaleShift_" type="ScaleShift">
			<input>
				<port id="0">
					<dim>1</dim>
					<dim>256</dim>
					<dim>4</dim>
					<dim>4</dim>
				</port>
			</input>
			<output>
				<port id="3" precision="FP32">
					<dim>1</dim>
					<dim>256</dim>
					<dim>4</dim>
					<dim>4</dim>
				</port>
			</output>
			<blobs>
				<weights offset="4923672" precision="FP32" size="1024"/>
				<biases offset="4924696" precision="FP32" size="1024"/>
			</blobs>
		</layer>
		<layer id="24" name="ReLU7" type="ReLU">
			<input>
				<port id="0">
					<dim>1</dim>
					<dim>256</dim>
					<dim>4</dim>
					<dim>4</dim>
				</port>
			</input>
			<output>
				<port id="1" precision="FP32">
					<dim>1</dim>
					<dim>256</dim>
					<dim>4</dim>
					<dim>4</dim>
				</port>
			</output>
		</layer>
		<layer id="25" name="Convolution10" type="Convolution">
			<data dilations="1,1" group="1" kernel="3,3" output="256" pads_begin="1,1" pads_end="1,1" strides="2,2"/>
			<input>
				<port id="0">
					<dim>1</dim>
					<dim>256</dim>
					<dim>4</dim>
					<dim>4</dim>
				</port>
			</input>
			<output>
				<port id="3" precision="FP32">
					<dim>1</dim>
					<dim>256</dim>
					<dim>2</dim>
					<dim>2</dim>
				</port>
			</output>
			<blobs>
				<weights offset="4925720" precision="FP32" size="2359296"/>
				<biases offset="7285016" precision="FP32" size="1024"/>
			</blobs>
		</layer>
		<layer id="26" name="ReLU8" type="ReLU">
			<input>
				<port id="0">
					<dim>1</dim>
					<dim>256</dim>
					<dim>2</dim>
					<dim>2</dim>
				</port>
			</input>
			<output>
				<port id="1" precision="FP32">
					<dim>1</dim>
					<dim>256</dim>
					<dim>2</dim>
					<dim>2</dim>
				</port>
			</output>
		</layer>
		<layer id="27" name="Convolution11" type="Convolution">
			<data dilations="1,1" group="1" kernel="3,3" output="256" pads_begin="1,1" pads_end="1,1" strides="1,1"/>
			<input>
				<port id="0">
					<dim>1</dim>
					<dim>256</dim>
					<dim>2</dim>
					<dim>2</dim>
				</port>
			</input>
			<output>
				<port id="2" precision="FP32">
					<dim>1</dim>
					<dim>256</dim>
					<dim>2</dim>
					<dim>2</dim>
				</port>
			</output>
			<blobs>
				<weights offset="7286040" precision="FP32" size="2359296"/>
			</blobs>
		</layer>
		<layer id="28" name="Convolution12" type="Convolution">
			<data dilations="1,1" group="1" kernel="1,1" output="256" pads_begin="0,0" pads_end="0,0" strides="2,2"/>
			<input>
				<port id="0">
					<dim>1</dim>
					<dim>256</dim>
					<dim>4</dim>
					<dim>4</dim>
				</port>
			</input>
			<output>
				<port id="2" precision="FP32">
					<dim>1</dim>
					<dim>256</dim>
					<dim>2</dim>
					<dim>2</dim>
				</port>
			</output>
			<blobs>
				<weights offset="9645336" precision="FP32" size="262144"/>
			</blobs>
		</layer>
		<layer id="29" name="Eltwise4" type="Eltwise">
			<data operation="sum"/>
			<input>
				<port id="0">
					<dim>1</dim>
					<dim>256</dim>
					<dim>2</dim>
					<dim>2</dim>
				</port>
				<port id="1">
					<dim>1</dim>
					<dim>256</dim>
					<dim>2</dim>
					<dim>2</dim>
				</port>
			</input>
			<output>
				<port id="2" precision="FP32">
					<dim>1</dim>
					<dim>256</dim>
					<dim>2</dim>
					<dim>2</dim>
				</port>
			</output>
		</layer>
		<layer id="30" name="Mul1_1634/Fused_Mul_/FusedScaleShift_" type="ScaleShift">
			<input>
				<port id="0">
					<dim>1</dim>
					<dim>256</dim>
					<dim>2</dim>
					<dim>2</dim>
				</port>
			</input>
			<output>
				<port id="3" precision="FP32">
					<dim>1</dim>
					<dim>256</dim>
					<dim>2</dim>
					<dim>2</dim>
				</port>
			</output>
			<blobs>
				<weights offset="9907480" precision="FP32" size="1024"/>
				<biases offset="9908504" precision="FP32" size="1024"/>
			</blobs>
		</layer>
		<layer id="31" name="ReLU9" type="ReLU">
			<input>
				<port id="0">
					<dim>1</dim>
					<dim>256</dim>
					<dim>2</dim>
					<dim>2</dim>
				</port>
			</input>
			<output>
				<port id="1" precision="FP32">
					<dim>1</dim>
					<dim>256</dim>
					<dim>2</dim>
					<dim>2</dim>
				</port>
			</output>
		</layer>
		<layer id="32" name="emotion5_conv1" type="Convolution">
			<data dilations="1,1" group="1" kernel="2,2" output="5" pads_begin="0,0" pads_end="0,0" strides="1,1"/>
			<input>
				<port id="0">
					<dim>1</dim>
					<dim>256</dim>
					<dim>2</dim>
					<dim>2</dim>
				</port>
			</input>
			<output>
				<port id="3" precision="FP32">
					<dim>1</dim>
					<dim>5</dim>
					<dim>1</dim>
					<dim>1</dim>
				</port>
			</output>
			<blobs>
				<weights offset="9909528" precision="FP32" size="20480"/>
				<biases offset="9930008" precision="FP32" size="20"/>
			</blobs>
		</layer>
		<layer id="33" name="prob_emotion" type="SoftMax">
			<data axis="1"/>
			<input>
				<port id="0">
					<dim>1</dim>
					<dim>5</dim>
					<dim>1</dim>
					<dim>1</dim>
				</port>
			</input>
			<output>
				<port id="1" precision="FP32">
					<dim>1</dim>
					<dim>5</dim>
					<dim>1</dim>
					<dim>1</dim>
				</port>
			</output>
		</layer>
	</layers>
	<edges>
		<edge from-layer="0" from-port="0" to-layer="1" to-port="0"/>
		<edge from-layer="1" from-port="3" to-layer="2" to-port="0"/>
		<edge from-layer="2" from-port="3" to-layer="3" to-port="0"/>
		<edge from-layer="3" from-port="1" to-layer="4" to-port="0"/>
		<edge from-layer="4" from-port="1" to-layer="5" to-port="0"/>
		<edge from-layer="5" from-port="3" to-layer="6" to-port="0"/>
		<edge from-layer="6" from-port="1" to-layer="7" to-port="0"/>
		<edge from-layer="7" from-port="2" to-layer="8" to-port="0"/>
		<edge from-layer="4" from-port="1" to-layer="8" to-port="1"/>
		<edge from-layer="8" from-port="2" to-layer="9" to-port="0"/>
		<edge from-layer="9" from-port="3" to-layer="10" to-port="0"/>
		<edge from-layer="10" from-port="1" to-layer="11" to-port="0"/>
		<edge from-layer="11" from-port="3" to-layer="12" to-port="0"/>
		<edge from-layer="12" from-port="1" to-layer="13" to-port="0"/>
		<edge from-layer="10" from-port="1" to-layer="14" to-port="0"/>
		<edge from-layer="13" from-port="2" to-layer="15" to-port="0"/>
		<edge from-layer="14" from-port="2" to-layer="15" to-port="1"/>
		<edge from-layer="15" from-port="2" to-layer="16" to-port="0"/>
		<edge from-layer="16" from-port="3" to-layer="17" to-port="0"/>
		<edge from-layer="17" from-port="1" to-layer="18" to-port="0"/>
		<edge from-layer="18" from-port="3" to-layer="19" to-port="0"/>
		<edge from-layer="19" from-port="1" to-layer="20" to-port="0"/>
		<edge from-layer="17" from-port="1" to-layer="21" to-port="0"/>
		<edge from-layer="20" from-port="2" to-layer="22" to-port="0"/>
		<edge from-layer="21" from-port="2" to-layer="22" to-port="1"/>
		<edge from-layer="22" from-port="2" to-layer="23" to-port="0"/>
		<edge from-layer="23" from-port="3" to-layer="24" to-port="0"/>
		<edge from-layer="24" from-port="1" to-layer="25" to-port="0"/>
		<edge from-layer="25" from-port="3" to-layer="26" to-port="0"/>
		<edge from-layer="26" from-port="1" to-layer="27" to-port="0"/>
		<edge from-layer="24" from-port="1" to-layer="28" to-port="0"/>
		<edge from-layer="27" from-port="2" to-layer="29" to-port="0"/>
		<edge from-layer="28" from-port="2" to-layer="29" to-port="1"/>
		<edge from-layer="29" from-port="2" to-layer="30" to-port="0"/>
		<edge from-layer="30" from-port="3" to-layer="31" to-port="0"/>
		<edge from-layer="31" from-port="1" to-layer="32" to-port="0"/>
		<edge from-layer="32" from-port="3" to-layer="33" to-port="0"/>
	</edges>
	<meta_data>
		<MO_version value="0.0.0-1985-g9e6b9ab51"/>
		<cli_parameters>
			<blobs_as_inputs value="True"/>
			<caffe_parser_path value="DIR"/>
			<data_type value="FP32"/>
			<disable_nhwc_to_nchw value="False"/>
			<disable_omitting_optional value="False"/>
			<disable_resnet_optimization value="False"/>
			<enable_concat_optimization value="False"/>
			<enable_flattening_nested_params value="False"/>
			<enable_ssd_gluoncv value="False"/>
			<extensions value="DIR"/>
			<framework value="caffe"/>
			<freeze_placeholder_with_value value="{}"/>
			<generate_deprecated_IR_V2 value="False"/>
			<generate_deprecated_IR_V7 value="True"/>
			<generate_experimental_IR_V10 value="False"/>
			<generate_new_TI value="False"/>
			<input value="data"/>
			<input_model value="DIR/0003_EmoNet_ResNet10.caffemodel"/>
			<input_model_is_text value="False"/>
			<input_proto value="DIR/0003_EmoNet_ResNet10.prototxt"/>
			<input_shape value="[1,3,64,64]"/>
			<k value="DIR/CustomLayersMapping.xml"/>
			<keep_quantize_ops_in_IR value="True"/>
			<keep_shape_ops value="False"/>
			<legacy_mxnet_model value="False"/>
			<log_level value="ERROR"/>
			<mean_scale_values value="{'data': {'mean': None, 'scale': array([1.])}}"/>
			<mean_values value="()"/>
			<model_name value="emotions-recognition-retail-0003"/>
			<move_to_preprocess value="False"/>
			<output value="['prob_emotion']"/>
			<output_dir value="DIR"/>
			<placeholder_shapes value="{'data': array([ 1,  3, 64, 64])}"/>
			<progress value="False"/>
			<remove_memory value="False"/>
			<remove_output_softmax value="False"/>
			<reverse_input_channels value="False"/>
			<save_params_from_nd value="False"/>
			<scale_values value="data[1.0]"/>
			<silent value="False"/>
			<stream_output value="False"/>
			<unset unset_cli_parameters="batch, counts, disable_fusing, disable_gfusing, finegrain_fusing, input_checkpoint, input_meta_graph, input_symbol, mean_file, mean_file_offsets, nd_prefix_name, pretrained_model_name, saved_model_dir, saved_model_tags, scale, tensorboard_logdir, tensorflow_custom_layer_libraries, tensorflow_custom_operations_config_update, tensorflow_object_detection_api_pipeline_config, tensorflow_operation_patterns, tensorflow_subgraph_patterns, tensorflow_use_custom_operations_config"/>
		</cli_parameters>
	</meta_data>
</net>
